<?xml version="1.0" encoding="UTF-8"?>
<project-private xmlns="http://www.netbeans.org/ns/project-private/1">
    <editor-bookmarks xmlns="http://www.netbeans.org/ns/editor-bookmarks/2" lastBookmarkId="1">
        <file>
            <url>src/mvc_danielguaman/MVC_main.java</url>
            <bookmark id="1">
                <name/>
                <line>15</line>
                <key/>
            </bookmark>
        </file>
    </editor-bookmarks>
    <open-files xmlns="http://www.netbeans.org/ns/projectui-open-files/2">
        <group>
            <file>file:/C:/Users/blink/Documents/NetBeansProjects/MVC_DanielGuaman/src/Modelo/Persona.java</file>
            <file>file:/C:/Users/blink/Documents/NetBeansProjects/MVC_DanielGuaman/src/mvc_danielguaman/MVC_main.java</file>
            <file>file:/C:/Users/blink/Documents/NetBeansProjects/MVC_DanielGuaman/src/Controlador/ControladorPersona.java</file>
            <file>file:/C:/Users/blink/Documents/NetBeansProjects/MVC_DanielGuaman/src/ConexionPG/ConexionBD.java</file>
            <file>file:/C:/Users/blink/Documents/NetBeansProjects/MVC_DanielGuaman/src/Modelo/ModeloPersona.java</file>
            <file>file:/C:/Users/blink/Documents/NetBeansProjects/MVC_DanielGuaman/src/Vista/VPersona.java</file>
        </group>
    </open-files>
</project-private>
